{"tfjsVersion":"1.3.1","tmVersion":"0.8.6","packageVersion":"0.8.6","packageName":"@teachablemachine/pose","timeStamp":"2024-05-05T04:56:10.059Z","userMetadata":{},"modelName":"my-pose-model","labels":["Lay both Hands","Both Hands up","Left Hand to Left","Right Hand to Right","Hands Up Half","Right Hand Up Half - Lay Left Hand","Left Hand Up Half - Lay Right Hand","Left Hand Up Full - Lay Right Hand","Right Hand Up Full - Lay Left Hand"],"modelSettings":{"posenet":{"architecture":"MobileNetV1","outputStride":16,"inputResolution":257,"multiplier":0.75}}}